COUNTRY_ZONE,PROVINCE,EGAT_SUB,PEA_SUB,FUEL,FUEL2,CONTRACTED_CAP_MW,ก่อนปรับ,
ภาคกลางตอนบน,นครนายก,NCO,องครักษ์,Solar ราชการ/สหกรณ์การเกษตร 1,,5,,
ภาคกลางตอนบน,นครนายก,NY,นครนายก 1,Biogas,,0.96,,
ภาคกลางตอนบน,นครนายก,PA2,บ้านสร้าง  ,Solar Farm,,8,,
ภาคกลางตอนบน,ปทุมธานี,LLA,คลองหลวง,Solar Farm,,0.0447,,
ภาคกลางตอนบน,ปทุมธานี,LLA,องครักษ์,Biogas,,0.022,,
ภาคกลางตอนบน,ปทุมธานี,LLA,องครักษ์,Solar Farm,,0.0022,,
ภาคกลางตอนบน,ปทุมธานี,NV,คลองหลวง,Solar Farm,,1.75,,
ภาคกลางตอนบน,ปทุมธานี,NV,นวนคร 2,MSW,,6,,
ภาคกลางตอนบน,ปทุมธานี,RS(A),บ้านใหม่,Solar Farm,,0.056,,
ภาคกลางตอนบน,ปทุมธานี,RS(A),ปทุมธานี 1,Biogas,,0.055,,
ภาคกลางตอนบน,ปทุมธานี,RS(A),ปทุมธานี 3,Solar Farm,,0.002,,
ภาคกลางตอนบน,ปทุมธานี,SKK,PATHUMTHANI 2,Solar ราชการ/สหกรณ์การเกษตร 1,,5,,
ภาคกลางตอนบน,ปทุมธานี,SKK,ปทุมธานี 1,Solar ราชการ/สหกรณ์การเกษตร 1,,5,,
ภาคกลางตอนบน,ปทุมธานี,SKK,ลาดหลุมแก้ว,Solar ราชการ/สหกรณ์การเกษตร 1,,8,,
ภาคกลางตอนบน,พระนครศรีอยุธยา,AT1,ดอนพุด,Biogas,,1.3,,
ภาคกลางตอนบน,พระนครศรีอยุธยา,AT1,ดอนพุด,Biomass,,8,,
ภาคกลางตอนบน,พระนครศรีอยุธยา,AT1,บางปะหัน,MSW,,2.8,,
ภาคกลางตอนบน,พระนครศรีอยุธยา,AT1,บางปะหัน,Solar Farm,,16,,
ภาคกลางตอนบน,พระนครศรีอยุธยา,AT2,เสนา,Solar Farm,,1.75,,
ภาคกลางตอนบน,พระนครศรีอยุธยา,AY1,บางไทร,Solar ราชการ/สหกรณ์การเกษตร 1,,10,,
ภาคกลางตอนบน,พระนครศรีอยุธยา,AY1,โรจนะ 2,Solar ราชการ/สหกรณ์การเกษตร 1,,5,,
ภาคกลางตอนบน,พระนครศรีอยุธยา,AY1,เสนา,Solar ราชการ/สหกรณ์การเกษตร 1,,5,,
ภาคกลางตอนบน,พระนครศรีอยุธยา,AY1,อยุธยา 1,Solar Farm,,7,,
ภาคกลางตอนบน,พระนครศรีอยุธยา,AY1,อยุธยา 1,Solar ราชการ/สหกรณ์การเกษตร 1,,2,,
ภาคกลางตอนบน,พระนครศรีอยุธยา,AY3,,IND,,8,,
ภาคกลางตอนบน,พระนครศรีอยุธยา,AY3,บางปะหัน,Solar ราชการ/สหกรณ์การเกษตร 1,,5,,
ภาคกลางตอนบน,พระนครศรีอยุธยา,BI1,บางไทร,Solar ราชการ/สหกรณ์การเกษตร 1,,5,,
ภาคกลางตอนบน,พระนครศรีอยุธยา,BI2,,Solar Farm,,0.16256,,
ภาคกลางตอนบน,พระนครศรีอยุธยา,BI2,โรจนะ3,Solar Farm,,8,,
ภาคกลางตอนบน,พระนครศรีอยุธยา,BI2,วังน้อย,Solar Farm,,16,,
ภาคกลางตอนบน,พระนครศรีอยุธยา,SKK,ลาดบัวหลวง,Solar Farm,,5,,
ภาคกลางตอนบน,พระนครศรีอยุธยา,SKK,ลาดบัวหลวง,Solar ราชการ/สหกรณ์การเกษตร 1,,5,,
ภาคกลางตอนบน,พระนครศรีอยุธยา,SNO,บางปะอิน 3,Solar Farm,,8,,
ภาคกลางตอนบน,พระนครศรีอยุธยา,SNO,ปทุมธานี 1,Biogas,,1,,
ภาคกลางตอนบน,พระนครศรีอยุธยา,SNO,ลาดบัวหลวง,Solar Farm,,3,,
ภาคกลางตอนบน,ลพบุรี,CBD,ชัยบาดาล 1,Biogas,,4,,
ภาคกลางตอนบน,ลพบุรี,CBD,ชัยบาดาล 2,Biomass,,8,,
ภาคกลางตอนบน,ลพบุรี,CBD,ชัยบาดาล 2,Solar Farm,,9.72,,
ภาคกลางตอนบน,ลพบุรี,LB2,โคกสำโรง,Biomass,,1.5,,
ภาคกลางตอนบน,ลพบุรี,LB2,โคกสำโรง,Solar Farm,,26.29,,
ภาคกลางตอนบน,ลพบุรี,LB2,ชัยบาดาล 2,Solar Farm,,9.5,,
ภาคกลางตอนบน,ลพบุรี,SI,สิงห์บุรี,Biomass,,8,,
ภาคกลางตอนบน,ลพบุรี,SI,สิงห์บุรี,Solar Farm,,2,,
ภาคกลางตอนบน,ลพบุรี,SR6,พัฒนานิคม,Solar Farm,,2,,
ภาคกลางตอนบน,ลพบุรี,TL3,พัฒนานิคม,Biomass,,14.8,,
ภาคกลางตอนบน,ลพบุรี,TL3,พัฒนานิคม,Solar Farm,,20,,
ภาคกลางตอนบน,ลพบุรี,TW,สิงห์บุรี,Solar ราชการ/สหกรณ์การเกษตร 1,,5,,
ภาคกลางตอนบน,สระบุรี,PTB,พระพุทธบาท 2,Solar ราชการ/สหกรณ์การเกษตร 2,,5,,
ภาคกลางตอนบน,สระบุรี,SR1,สระบุรี 1,Solar Farm,,5.5,,
ภาคกลางตอนบน,สระบุรี,SR2,ตาลเดี่ยว,Biogas,,0.2,,
ภาคกลางตอนบน,สระบุรี,SR2,ตาลเดี่ยว,Coal,,3,,
ภาคกลางตอนบน,สระบุรี,SR2,ตาลเดี่ยว,Solar Farm,,10,,
ภาคกลางตอนบน,สระบุรี,SR2,วังม่วง ,Solar Farm,,8.9,,
ภาคกลางตอนบน,สระบุรี,SR2,วังม่วง-พัฒนานิคม,Solar Farm,,8,,
ภาคกลางตอนบน,สระบุรี,SR2,สระบุรี 2,Solar Farm,,5,,
ภาคกลางตอนบน,สระบุรี,SR3,ตาลเดี่ยว,MSW,,8,,
ภาคกลางตอนบน,สระบุรี,SR3,ตาลเดี่ยว,Solar ราชการ/สหกรณ์การเกษตร 1,,1,,
ภาคกลางตอนบน,สระบุรี,SR3,วังม่วง ,Solar Farm,,16.3,,
ภาคกลางตอนบน,สระบุรี,SR3,วังม่วง ,Solar ราชการ/สหกรณ์การเกษตร 1,,5,,
ภาคกลางตอนบน,สระบุรี,SR5,โคกแย้,Biomass,,1.2,,
ภาคกลางตอนบน,สระบุรี,SR5,โคกแย้,MSW,,8,,
ภาคกลางตอนบน,สระบุรี,SR5,โคกแย้,Natural Gas,,6.8,,
ภาคกลางตอนบน,สระบุรี,SR5,วิหารแดง,Solar Farm,,12,,
ภาคกลางตอนบน,สระบุรี,TL1,ดอนพุด,Solar ราชการ/สหกรณ์การเกษตร 1,,5,,
ภาคกลางตอนบน,สิงห์บุรี,DBN,ค่ายบางระจัน,Biomass,,7.8,,
ภาคกลางตอนบน,สิงห์บุรี,SI,สิงห์บุรี,Biomass,,8,,
ภาคกลางตอนบน,สิงห์บุรี,TW,พรหมบุรี,Solar ราชการ/สหกรณ์การเกษตร 1,,1,,
ภาคกลางตอนบน,สุพรรณบุรี,AT2,ดอนเจดีย์,Biogas,,7.44,,
ภาคกลางตอนบน,สุพรรณบุรี,AT2,ดอนเจดีย์,Solar Farm,,8,,
ภาคกลางตอนบน,สุพรรณบุรี,AT2,ด่านช้าง,Biogas,,2,,
ภาคกลางตอนบน,สุพรรณบุรี,AT2,ด่านช้าง,Solar Farm,,16,,
ภาคกลางตอนบน,สุพรรณบุรี,AT2,ศรีประจันต์,Biomass,,5,,
ภาคกลางตอนบน,สุพรรณบุรี,BP2,ทุ่งคอก,Biogas,,0.2,,
ภาคกลางตอนบน,สุพรรณบุรี,DBN,ด่านช้าง,Solar Farm,,8,,
ภาคกลางตอนบน,สุพรรณบุรี,DBN,เดิมบางนางบวช,Biogas,,4,,
ภาคกลางตอนบน,สุพรรณบุรี,DBN,เดิมบางนางบวช,Biomass,,6,,
ภาคกลางตอนบน,สุพรรณบุรี,DBN,เดิมบางนางบวช,Solar Farm,,16,,
ภาคกลางตอนบน,สุพรรณบุรี,KB2,บ่อพลอย,Biogas,,0.95,,
ภาคกลางตอนบน,สุพรรณบุรี,KB2,อู่ทอง,Biogas,,5.58,,
ภาคกลางตอนบน,สุพรรณบุรี,KB2,อู่ทอง,Biomass,,15.5,,
ภาคกลางตอนบน,สุพรรณบุรี,KB2,อู่ทอง,Solar Farm,,8.0027,,
ภาคกลางตอนบน,สุพรรณบุรี,KS,ทุ่งคอก,Biomass,,8,,
ภาคกลางตอนบน,สุพรรณบุรี,SNO,ไทรน้อย,Solar Farm,,9.5,,
ภาคกลางตอนบน,สุพรรณบุรี,SNO,ลาดบัวหลวง,Biomass,,7,,
ภาคกลางตอนบน,สุพรรณบุรี,SP,บางปลาม้า,Solar ราชการ/สหกรณ์การเกษตร 1,,5,,
ภาคกลางตอนบน,สุพรรณบุรี,SP,สองพี่น้อง,Solar Farm,,8,,
ภาคกลางตอนบน,สุพรรณบุรี,SP,อู่ทอง,Biogas,,2,,
ภาคกลางตอนบน,สุพรรณบุรี,SP,อู่ทอง,Solar Farm,,0.0642,,
ภาคกลางตอนบน,อ่างทอง,AT1,อ่างทอง 1,Biogas,,0.8,,
ภาคกลางตอนบน,อ่างทอง,AT1,อ่างทอง 1,Solar Farm,,1.2,,
ภาคกลางตอนบน,อ่างทอง,AT2,อ่างทอง 2,Biogas,,1,,
ภาคกลางตอนบน,อ่างทอง,AT2,อ่างทอง 2,Solar Farm,,10,,
ภาคกลางตอนบน,อ่างทอง,AT2,อ่างทอง 2,Solar ราชการ/สหกรณ์การเกษตร 1,,7,,
ภาคกลางตะวันตก,กาญจนบุรี,BP2,ท่ามะกา,Biogas,,3.31,,
ภาคกลางตะวันตก,กาญจนบุรี,BP2,ท่ามะกา,Biomass,,33.6,,
ภาคกลางตะวันตก,กาญจนบุรี,BP2,ท่ามะกา,Coal,,10,,
ภาคกลางตะวันตก,กาญจนบุรี,BP2,หนองปลาหมอ,Biomass,,0.18,,
ภาคกลางตะวันตก,กาญจนบุรี,KB,กาญจนบุรี 1,Biogas,,6,,
ภาคกลางตะวันตก,กาญจนบุรี,KB2,กาญจนบุรี 1,Biogas,,2,,
ภาคกลางตะวันตก,กาญจนบุรี,KB2,ด่านมะขามเตี้ย,Biogas,,1.99,,
ภาคกลางตะวันตก,กาญจนบุรี,KB2,ด่านมะขามเตี้ย,Solar Farm,,16,,
ภาคกลางตะวันตก,กาญจนบุรี,KB2,บ่อพลอย,Biogas,,3,,
ภาคกลางตะวันตก,กาญจนบุรี,KB2,บ่อพลอย,Biomass,,8,,
ภาคกลางตะวันตก,กาญจนบุรี,KB2,บ่อพลอย,Solar Farm,,18.94,,
ภาคกลางตะวันตก,กาญจนบุรี,KB2,บ่อพลอย- บจก.น้ำตาลขอนแก่น,Solar Farm,,8,,
ภาคกลางตะวันตก,กาญจนบุรี,KB2,พนมทวน,Biogas,,1,,
ภาคกลางตะวันตก,กาญจนบุรี,KB2,พนมทวน,Biomass,,7,,
ภาคกลางตะวันตก,กาญจนบุรี,KB2,พนมทวน,Solar Farm,,16,,
ภาคกลางตะวันตก,กาญจนบุรี,KB2,อู่ทอง,Biogas,,1.98,,
ภาคกลางตะวันตก,กาญจนบุรี,KB2,อู่ทอง,Solar Farm,,8,,
ภาคกลางตะวันตก,กาญจนบุรี,KB2,อู่ทอง,Solar ราชการ/สหกรณ์การเกษตร 2,,5,,
ภาคกลางตะวันตก,กาญจนบุรี,SNR,ไทรโยค,Biomass,,6,,
ภาคกลางตะวันตก,กาญจนบุรี,SP,ดอนเจดีย์,Biogas,,1.96,,
ภาคกลางตะวันตก,กาญจนบุรี,SP,อู่ทอง,Biogas,,0.98,,
ภาคกลางตะวันตก,กาญจนบุรี,TM,ท่าม่วง,Biogas,,4,,
ภาคกลางตะวันตก,กาญจนบุรี,TM,ท่าม่วง,Biomass,,7.5,,
ภาคกลางตะวันตก,กาญจนบุรี,TM,ท่าม่วง (115 kV),Biomass,,5,,
ภาคกลางตะวันตก,กาญจนบุรี,TM,ท่ามะกา,Solar ราชการ/สหกรณ์การเกษตร 2,,3.94,,
ภาคกลางตะวันตก,กาญจนบุรี,TM,หนองปลาหมอ,Solar Farm,,8,,
ภาคกลางตะวันตก,กาญจนบุรี,TN,กาญจนบุรี 1,Biomass,,8,,
ภาคกลางตะวันตก,กาญจนบุรี,TN,ไทรโยค,Solar Farm,,18,,
ภาคกลางตะวันตก,กาญจนบุรี,VRK,วชิราลงกรณ์,Biomass,,1,,
ภาคกลางตะวันตก,นครปฐม,BP2,นครปฐม 2,Biomass,,8,,
ภาคกลางตะวันตก,นครปฐม,KS,กำแพงแสน ,Biogas,,0.025,,
ภาคกลางตะวันตก,นครปฐม,KS,กำแพงแสน ,MSW,,28.21,,
ภาคกลางตะวันตก,นครปฐม,KS,ดอนตูม,Solar Farm,,8,,
ภาคกลางตะวันตก,นครปฐม,KS,บางเลน,Solar ราชการ/สหกรณ์การเกษตร 1,,4.2,,
ภาคกลางตะวันตก,นครปฐม,KS,ระบบ 115 kV ช่วงกำแพงแสน - อู่ทอง,MSW,,8,,
ภาคกลางตะวันตก,นครปฐม,NCS,NAKHONCHAISI 2,Solar ราชการ/สหกรณ์การเกษตร 1,,5,,
ภาคกลางตะวันตก,นครปฐม,NCS,ดอนตูม,Solar Farm,,8,,
ภาคกลางตะวันตก,นครปฐม,SNO,ไทรน้อย,Solar Farm,,9.5,,
ภาคกลางตะวันตก,นครปฐม,SNO,ไทรน้อย- บจก.โซลาร์โก,Solar Farm,,8,,
ภาคกลางตะวันตก,นครปฐม,SNO,บางเลน,Biogas,,3.8,,
ภาคกลางตะวันตก,นครปฐม,SNO,บางเลน,Biomass,,9,,
ภาคกลางตะวันตก,นครปฐม,SNO,บางเลน,Solar Farm,,23.25,,
ภาคกลางตะวันตก,นครปฐม,SNO,บางเลน,Solar ราชการ/สหกรณ์การเกษตร 1,,5,,
ภาคกลางตะวันตก,นครปฐม,SNO,บางเลน-สองพี่น้อง,Solar Farm,,54.7,,
ภาคกลางตะวันตก,นครปฐม,SNO,ลาดบัวหลวง,Solar Farm,,19,,
ภาคกลางตะวันตก,นครปฐม,SNO,สองพี่น้อง,Solar Farm,,27,,
ภาคกลางตะวันตก,ประจวบคีรีขันธ์,BSP,บางสะพาน 1,Solar ราชการ/สหกรณ์การเกษตร 1,,8,,
ภาคกลางตะวันตก,ประจวบคีรีขันธ์,BSP,บางสะพาน 2,Solar ราชการ/สหกรณ์การเกษตร 1,,8,,
ภาคกลางตะวันตก,ประจวบคีรีขันธ์,BSP1,บางสะพาน 1,Biogas,,2.25,,
ภาคกลางตะวันตก,ประจวบคีรีขันธ์,BSP1,บางสะพาน 2,Biogas,,2.95,,
ภาคกลางตะวันตก,ประจวบคีรีขันธ์,BSP1,บางสะพาน 2,Biomass,,1,,
ภาคกลางตะวันตก,ประจวบคีรีขันธ์,BSP2,บางสะพาน 1,Solar Farm,,24,,
ภาคกลางตะวันตก,ประจวบคีรีขันธ์,CP,ท่าแซะ,Biomass,,4,,
ภาคกลางตะวันตก,ประจวบคีรีขันธ์,HH,หัวหิน 2,Solar Farm,,1.75,,
ภาคกลางตะวันตก,ประจวบคีรีขันธ์,HH,หัวหิน 3,Solar Farm,,0.025,,
ภาคกลางตะวันตก,ประจวบคีรีขันธ์,KB2,บางสะพาน 1,Biomass,,8,,
ภาคกลางตะวันตก,ประจวบคีรีขันธ์,PKK,กุยบุรี,Solar Farm,,16.91,,
ภาคกลางตะวันตก,ประจวบคีรีขันธ์,PRB,กุยบุรี,Solar Farm,,23.8,,
ภาคกลางตะวันตก,ประจวบคีรีขันธ์,PRB,ปราณบุรี,Biomass,,14,,
ภาคกลางตะวันตก,ประจวบคีรีขันธ์,RB2,ปากท่อ,Biogas,,0.2,,
ภาคกลางตะวันตก,เพชรบุรี,CA,เพชรบุรี 2,Solar Farm,,8,,
ภาคกลางตะวันตก,เพชรบุรี,HH,ชะอำ 2,Solar Farm,,2.1285,,
ภาคกลางตะวันตก,เพชรบุรี,HH,ชะอำ2-หัวหิน3,Solar Farm,,75,,
ภาคกลางตะวันตก,เพชรบุรี,HUA HIN (115 kV),ชะอำ 1,Solar Farm,,10,,
ภาคกลางตะวันตก,เพชรบุรี,KKC,เขาย้อย 1,Solar Farm,,16,,
ภาคกลางตะวันตก,เพชรบุรี,KKC,ชะอำ 2,Solar Farm,,8,,
ภาคกลางตะวันตก,เพชรบุรี,KKC,เพชรบุรี 1,MSW,,8,,
ภาคกลางตะวันตก,เพชรบุรี,PB,เขาย้อย 1,Solar Farm,,1,,
ภาคกลางตะวันตก,เพชรบุรี,PB,เขาย้อย 1- เพชรบุรี (115 kV),Solar Farm,,61.55,,
ภาคกลางตะวันตก,เพชรบุรี,PB,เพชรบุรี 1,MSW,,5.998,,
ภาคกลางตะวันตก,เพชรบุรี,RB2,เขาย้อย 2,Solar Farm,,24.4,,
ภาคกลางตะวันตก,ราชบุรี,BP2,บ้านโป่ง 2,Biogas,,0.833,,
ภาคกลางตะวันตก,ราชบุรี,BP2,บ้านโป่ง 2,Biomass,,22.8,,
ภาคกลางตะวันตก,ราชบุรี,BP2,บ้านโป่ง 2,MSW,,8,,
ภาคกลางตะวันตก,ราชบุรี,CBG,จอมบึง,Biogas,,5,,
ภาคกลางตะวันตก,ราชบุรี,CBG,จอมบึง,Solar ราชการ/สหกรณ์การเกษตร 1,,2,,
ภาคกลางตะวันตก,ราชบุรี,CBG,จอมบึง,Solar ราชการ/สหกรณ์การเกษตร 2,,5,,
ภาคกลางตะวันตก,ราชบุรี,PWP,จอมบึง,Solar ราชการ/สหกรณ์การเกษตร 1,,5,,
ภาคกลางตะวันตก,ราชบุรี,PWP,ราชบุรี 2,Solar ราชการ/สหกรณ์การเกษตร 1,,5,,
ภาคกลางตะวันตก,ราชบุรี,RB1,ราชบุรี 1,Solar Farm,,0.05,,
ภาคกลางตะวันตก,ราชบุรี,RB2,จอมบึง,Solar Farm,,1.5,,
ภาคกลางตะวันตก,ราชบุรี,RB2,ดำเนินสะดวก,Biogas,,0.875,,
ภาคกลางตะวันตก,ราชบุรี,RB2,ปากท่อ,Biogas,,1,,
ภาคกลางตะวันตก,ราชบุรี,RB2,ปากท่อ,Solar Farm,,0.01,,
ภาคกลางตะวันตก,ราชบุรี,RB2,โพธาราม,Biogas,,0.814,,
ภาคกลางตะวันตก,ราชบุรี,RB2,โพธาราม,Solar Farm,,1.2,,
ภาคกลางตะวันตก,ราชบุรี,RB2,ราชบุรี 2,Biogas,,1.4,,
ภาคกลางตะวันตก,ราชบุรี,RB3,,IND,,4,,
ภาคกลางตะวันตก,ราชบุรี,TM,ด่านช้าง,Biogas,,2.97,,
ภาคกลางตะวันตก,ราชบุรี,TM,หนองปลาหมอ,Solar Farm,,8,,
ภาคกลางตะวันตก,สมุทรสงคราม,PB,ปากท่อ,Solar ราชการ/สหกรณ์การเกษตร 1,,4.9999,,
ภาคกลางตะวันตก,สมุทรสงคราม,RB2,ปากท่อ,Solar Farm,,4,,
ภาคกลางตะวันตก,สมุทรสาคร,SM,สมุทรสงคราม,Solar Farm,,4,,
ภาคกลางตะวันตก,สมุทรสาคร,SM,สมุทรสาคร 5,Solar Farm,,6,,
ภาคกลางตะวันตก,สมุทรสาคร,SN1,สมุทรสาคร 1,MSW,,0.2,,
ภาคกลางตะวันตก,สมุทรสาคร,SN2,สมุทรสาคร 1,Solar ราชการ/สหกรณ์การเกษตร 1,,5,,
ภาคกลางตะวันตก,สมุทรสาคร,SN2,สมุทรสาคร 2,Solar ราชการ/สหกรณ์การเกษตร 1,,10,,
ภาคกลางตะวันตก,สมุทรสาคร,SN2,สมุทรสาคร 2,Wind,,0.9,,
ภาคกลางตะวันตก,สมุทรสาคร,SN3,,Solar ราชการ/สหกรณ์การเกษตร 1,,10,,
ภาคกลางตะวันตก,สมุทรสาคร,SN4,บ้านแพ้ว,Biogas,,0.99,,
ภาคกลางตะวันตก,สมุทรสาคร,SN4,บ้านแพ้ว,Biomass,,8,,
ภาคกลางตะวันตก,สมุทรสาคร,SN4,บ้านแพ้ว,Solar ราชการ/สหกรณ์การเกษตร 1,,10,,
ภาคกลางตะวันตก,สมุทรสาคร,SN4,สมุทรสาคร 5,Solar Farm,,22,,
ภาคกลางตะวันออก,จันทบุรี,CT,โป่งน้ำร้อน,Biogas,,5.915,,
ภาคกลางตะวันออก,จันทบุรี,KLA,นายายอาม,Solar ราชการ/สหกรณ์การเกษตร 1,,5,,
ภาคกลางตะวันออก,จันทบุรี,KRD,โป่งน้ำร้อน,Solar ราชการ/สหกรณ์การเกษตร 1,,2,,
ภาคกลางตะวันออก,จันทบุรี,KRD,โป่งน้ำร้อน,Solar ราชการ/สหกรณ์การเกษตร 2,,5,,
ภาคกลางตะวันออก,ฉะเชิงเทรา,CC,ฉะเชิงเทรา,Solar Farm,,1.3,,
ภาคกลางตะวันออก,ฉะเชิงเทรา,KLM,บางวัว 1,Solar Farm,,0.042,,
ภาคกลางตะวันออก,ฉะเชิงเทรา,KLM,บางวัว 2,Solar Farm,,0.0892,,
ภาคกลางตะวันออก,ฉะเชิงเทรา,NCO,,Solar ราชการ/สหกรณ์การเกษตร 2,,3.58,,
ภาคกลางตะวันออก,ฉะเชิงเทรา,PA2,พนมสารคาม,Biogas,,1,,
ภาคกลางตะวันออก,ฉะเชิงเทรา,PA2,พนมสารคาม,MSW,,2.4,,
ภาคกลางตะวันออก,ฉะเชิงเทรา,PA2,พนมสารคาม,Solar ราชการ/สหกรณ์การเกษตร 1,,4.5,,
ภาคกลางตะวันออก,ฉะเชิงเทรา,PA2,ศรีมหาโพธิ,Solar ราชการ/สหกรณ์การเกษตร 1,,5,,
ภาคกลางตะวันออก,ชลบุรี,AP,บางแสน,Solar Farm,,0.0027,,
ภาคกลางตะวันออก,ชลบุรี,BBG,บ้านบึง 1,Biogas,,2,,
ภาคกลางตะวันออก,ชลบุรี,BBG,บ้านบึง 1,Biomass,,8,,
ภาคกลางตะวันออก,ชลบุรี,BBG,บ้านบึง 1,Solar Farm,,24,,
ภาคกลางตะวันออก,ชลบุรี,BBG2,บ้านบึง 1,Solar ราชการ/สหกรณ์การเกษตร 1,,5,,
ภาคกลางตะวันออก,ชลบุรี,BWN,บ่อวิน 2,IND,,6.9,,
ภาคกลางตะวันออก,ชลบุรี,BWN,หนองใหญ่,Biogas,,3.4,,
ภาคกลางตะวันออก,ชลบุรี,BWN,หนองใหญ่,Biomass,,12,,
ภาคกลางตะวันออก,ชลบุรี,CB,บ้านบึง 3,Solar ราชการ/สหกรณ์การเกษตร 1,,1,,
ภาคกลางตะวันออก,ชลบุรี,CTN,จอมเทียน,Solar Farm,,8,,
ภาคกลางตะวันออก,ชลบุรี,KLM,เกาะโพธิ์,Biogas,,0.15,,
ภาคกลางตะวันออก,ชลบุรี,KLM,เกาะโพธิ์,Biomass,,6,,
ภาคกลางตะวันออก,ชลบุรี,KLM,พนัสนิคม,Biomass,,4.98,,
ภาคกลางตะวันออก,ชลบุรี,LR,พนัสนิคม,Biomass,,1.98,,
ภาคกลางตะวันออก,ตราด,TR,TRAD,Solar ราชการ/สหกรณ์การเกษตร 1,,5,,
ภาคกลางตะวันออก,ปราจีนบุรี,KBB,นนทรี,Solar ราชการ/สหกรณ์การเกษตร 1,,5,,
ภาคกลางตะวันออก,ปราจีนบุรี,PA1,,Solar ราชการ/สหกรณ์การเกษตร 1,,5,,
ภาคกลางตะวันออก,ปราจีนบุรี,PA1,บ้านสร้าง  ,Solar Farm,,12,,
ภาคกลางตะวันออก,ปราจีนบุรี,PA1,ประจันตคาม,Solar Farm,,12,,
ภาคกลางตะวันออก,ปราจีนบุรี,PA2,กบินทร์บุรี2,Solar Farm,,12,,
ภาคกลางตะวันออก,ปราจีนบุรี,PA2,นนทรี,Solar Farm,,16,,
ภาคกลางตะวันออก,ปราจีนบุรี,PA2,บ้านสร้าง  ,Coal,,6,,
ภาคกลางตะวันออก,ปราจีนบุรี,PA2,ปราจีนบุรี 2,Coal,,9.99,,
ภาคกลางตะวันออก,ปราจีนบุรี,PA2,ปราจีนบุรี 2,Solar Farm,,6,,
ภาคกลางตะวันออก,ปราจีนบุรี,PA2,ศรีมหาโพธิ์,Solar Farm,,26.254,,
ภาคกลางตะวันออก,ระยอง,KLA,แกลง,Solar Farm,,5.95,,
ภาคกลางตะวันออก,ระยอง,RY1,ระยอง 2,MSW,,8,,
ภาคกลางตะวันออก,ระยอง,RY2(A),ระยอง 2,Solar Farm,,1.55,,
ภาคกลางตะวันออก,ระยอง,RY3,,IND,,7,,
ภาคกลางตะวันออก,สระแก้ว,CHK,สระแก้ว,Solar Farm,,2,,
ภาคกลางตะวันออก,สระแก้ว,CHK,สระแก้ว,Solar ราชการ/สหกรณ์การเกษตร 1,,5,,
ภาคกลางตะวันออก,สระแก้ว,CHK,อรัญประเทศ,Solar Farm,,6,,
ภาคกลางตะวันออก,สระแก้ว,KBB,สระแก้ว,Solar Farm,,8,,
ภาคกลางตะวันออก,สระแก้ว,KBB,สระแก้ว,Solar ราชการ/สหกรณ์การเกษตร 1,,4.9999,,
ภาคกลางตะวันออก,สระแก้ว,PA2,ปราจีนบุรี 2,Solar Farm,,36,,
ภาคกลางตะวันออก,สระแก้ว,PA2,ปราจีนบุรี 2 - สระแก้ว (115kV),Solar Farm,,48,,
ภาคกลางตะวันออก,สระแก้ว,PA2,ปราจีนบุรี 2 & สระแก้ว,MSW,,9,,
ภาคกลางตะวันออก,สระแก้ว,PA2,สระแก้ว,Biogas,,3,,
ภาคกลางตะวันออก,สระแก้ว,PA2,สระแก้ว,Biomass,,16,,
ภาคกลางตะวันออก,สระแก้ว,PA2,สระแก้ว,Coal,,8,,
ภาคกลางตะวันออก,สระแก้ว,WATTHANA NAKHON (22 kV),วัฒนานคร,Biomass,,8,,
ภาคกลางตะวันออก,สระแก้ว,WATTHANA NAKHON (22 kV),วัฒนานคร,Solar Farm,,8,,
ภาคกลางตะวันออก,สระแก้ว,WATTHANA NAKHON (22 kV),วัฒนานคร,Solar ราชการ/สหกรณ์การเกษตร 1,,5,,
ภาคกลางตะวันออก,สระแก้ว,WNK,วังน้ำเย็น,Solar Farm,,33.6,,
ภาคกลางตะวันออก,สระแก้ว,WNK,วัฒนานคร,Biogas,,3,,
ภาคกลางตะวันออก,สระแก้ว,WNK,วัฒนานคร - อรัญประเทศ (115 kV),Solar Farm,,79.7,,
ภาคกลางตะวันออก,สระแก้ว,WNK,สระแก้ว,Solar ราชการ/สหกรณ์การเกษตร 1,,5,,
ภาคกลางตะวันออก,สระแก้ว,WNK,อรัญประเทศ,Solar Farm,,33.9,,
ภาคกลางตะวันออก,สระแก้ว,WNK,อรัญประเทศ,Solar ราชการ/สหกรณ์การเกษตร 1,,11.47,,
ภาคตะวันออกเฉียงเหนือ,กาฬสินธุ์,KL,กาฬสินธุ์,Biomass,Biomass,6,,ปรับ (เฉพาะตัวที่ Vlook ที่ห่างกับ Code ของ PEA ที่ห่างจากSub มากๆ)
ภาคตะวันออกเฉียงเหนือ,กาฬสินธุ์,KL,กาฬสินธุ์,Biogas,Biogas,2.7,,
ภาคตะวันออกเฉียงเหนือ,กาฬสินธุ์,KL,กาฬสินธุ์,Biomass,Biomass,8,,
ภาคตะวันออกเฉียงเหนือ,กาฬสินธุ์,MK,เชียงยืน,Biomass,Biomass,6,,
ภาคตะวันออกเฉียงเหนือ,กาฬสินธุ์,MK,เชียงยืน,Solar Farm,Solar,2.904,,
ภาคตะวันออกเฉียงเหนือ,กาฬสินธุ์,NPO1,ศรีธาตุ,Biomass,Biomass,8,,
ภาคตะวันออกเฉียงเหนือ,กาฬสินธุ์,NPO1,สมเด็จ,Biomass,Biomass,5,,
ภาคตะวันออกเฉียงเหนือ,กาฬสินธุ์,SD,โพนทอง,Biomass,Biomass,8,POT,
ภาคตะวันออกเฉียงเหนือ,กาฬสินธุ์,SD,สมเด็จ,Biogas,Biogas,6.073,,
ภาคตะวันออกเฉียงเหนือ,กาฬสินธุ์,SD,สมเด็จ,Biomass,Biomass,13.4,,
ภาคตะวันออกเฉียงเหนือ,ขอนแก่น,BPI,ขอนแก่น 1,Solar Farm,Solar,5.88,,
ภาคตะวันออกเฉียงเหนือ,ขอนแก่น,BPI,ขอนแก่น 3,Solar Farm,Solar,5.88,,
ภาคตะวันออกเฉียงเหนือ,ขอนแก่น,BPI,บ้านไผ่,Biogas,Biogas,0.18,,
ภาคตะวันออกเฉียงเหนือ,ขอนแก่น,BPI,บ้านไผ่,Solar Farm,Solar,5.88,,
ภาคตะวันออกเฉียงเหนือ,ขอนแก่น,CPA,ชุมแพ,Biogas,Biogas,3,,
ภาคตะวันออกเฉียงเหนือ,ขอนแก่น,CPA,ชุมแพ,Solar Farm,Solar,19.64,,
ภาคตะวันออกเฉียงเหนือ,ขอนแก่น,KK3,ขอนแก่น 3,MSW,MSW,4.5,,
ภาคตะวันออกเฉียงเหนือ,ขอนแก่น,KK3,ขอนแก่น 3,Solar Farm,Solar,0.996,,
ภาคตะวันออกเฉียงเหนือ,ขอนแก่น,KK3,หนองเรือ,Biomass,Biomass,8,,
ภาคตะวันออกเฉียงเหนือ,ขอนแก่น,KK3,หนองเรือ,Solar Farm,Solar,11.76,,
ภาคตะวันออกเฉียงเหนือ,ขอนแก่น,NPO1,กระนวน,Biogas,Biogas,1,,
ภาคตะวันออกเฉียงเหนือ,ขอนแก่น,NPO1,กระนวน,Solar Farm,Solar,4.99,,
ภาคตะวันออกเฉียงเหนือ,ขอนแก่น,NPO1,กระนวน,Solar ราชการ/สหกรณ์การเกษตร 2,Solar,5,,
ภาคตะวันออกเฉียงเหนือ,ขอนแก่น,NPO1,น้ำพอง,Biomass,Biomass,8,,
ภาคตะวันออกเฉียงเหนือ,ขอนแก่น,NPO1,น้ำพอง,Solar Farm,Solar,11.76,,
ภาคตะวันออกเฉียงเหนือ,ขอนแก่น,PO,พล,Biomass,Biomass,16,,
ภาคตะวันออกเฉียงเหนือ,ชัยภูมิ,BNN,บำเหน็จณรงค์,Solar Farm,Solar,46.5,,
ภาคตะวันออกเฉียงเหนือ,ชัยภูมิ,BNN,บำเหน็จณรงค์,Wind,Wind,6.9,,
ภาคตะวันออกเฉียงเหนือ,ชัยภูมิ,CPA,ชุมแพ,Biomass,Biomass,6.2,,
ภาคตะวันออกเฉียงเหนือ,ชัยภูมิ,CYP,แก้งคร้อ,Biogas,Biogas,2.995,,
ภาคตะวันออกเฉียงเหนือ,ชัยภูมิ,CYP,ชัยภูมิ 1,Biogas,Biogas,1.8,,
ภาคตะวันออกเฉียงเหนือ,ชัยภูมิ,CYP,ชัยภูมิ 2 (ชั่วคราว),Biogas,Biogas,1.8,,
ภาคตะวันออกเฉียงเหนือ,ชัยภูมิ,CYP,บำเหน็จณรงค์,Biomass,Biomass,0.53,,
ภาคตะวันออกเฉียงเหนือ,ชัยภูมิ,CYP2,ชัยภูมิ 2 (ชั่วคราว),Solar ราชการ/สหกรณ์การเกษตร 2,Solar,4,,
ภาคตะวันออกเฉียงเหนือ,นครพนม,NN,นครพนม,Biogas,Biogas,3,,
ภาคตะวันออกเฉียงเหนือ,นครพนม,NN,นครพนม,Solar Farm,Solar,11.76,,
ภาคตะวันออกเฉียงเหนือ,นครพนม,NN2,นครพนม 2,Biogas,Biogas,2,,
ภาคตะวันออกเฉียงเหนือ,นครพนม,PHK,เซกา,Biogas,Biogas,3,,
ภาคตะวันออกเฉียงเหนือ,นครพนม,TH,ธาตุพนม,Biogas,Biogas,3,,
ภาคตะวันออกเฉียงเหนือ,นครพนม,TH,ธาตุพนม,Biomass,Biomass,0.3,,
ภาคตะวันออกเฉียงเหนือ,นครพนม,TH,ธาตุพนม,Solar Farm,Solar,5.88,,
ภาคตะวันออกเฉียงเหนือ,นครราชสีมา,BNN,ชุมพร 1,Biomass,Biomass,5,,
ภาคตะวันออกเฉียงเหนือ,นครราชสีมา,BNN,ด่านขุนทด,Biogas,Biogas,0.999,,
ภาคตะวันออกเฉียงเหนือ,นครราชสีมา,BNN,ด่านขุนทด,Solar Farm,Solar,21.88,,
ภาคตะวันออกเฉียงเหนือ,นครราชสีมา,BNN,ด่านขุนทด,Wind,Wind,10,,
ภาคตะวันออกเฉียงเหนือ,นครราชสีมา,CYP,บัวใหญ่,Biomass,Biomass,6.7,,
ภาคตะวันออกเฉียงเหนือ,นครราชสีมา,CYP,บัวใหญ่,Solar Farm,Solar,18.765,,
ภาคตะวันออกเฉียงเหนือ,นครราชสีมา,KNG,คง,Biomass,Biomass,8,,
ภาคตะวันออกเฉียงเหนือ,นครราชสีมา,KNG,คง,Solar Farm,Solar,12.758,,
ภาคตะวันออกเฉียงเหนือ,นครราชสีมา,KNG,ห้วยแถลง,Biogas,Biogas,4,,
ภาคตะวันออกเฉียงเหนือ,นครราชสีมา,KNG,ห้วยแถลง,Biomass,Biomass,4,,
ภาคตะวันออกเฉียงเหนือ,นครราชสีมา,KNG,ห้วยแถลง,Solar Farm,Solar,5.88,,
ภาคตะวันออกเฉียงเหนือ,นครราชสีมา,LTK,ปากช่อง 3,Solar ราชการ/สหกรณ์การเกษตร 1,Solar,5,,
ภาคตะวันออกเฉียงเหนือ,นครราชสีมา,NR1,นครราชสีมา 3,Solar Farm,Solar,0.1552,,
ภาคตะวันออกเฉียงเหนือ,นครราชสีมา,NR1,นครราชสีมา 3,Solar ราชการ/สหกรณ์การเกษตร 2,Solar,5,,
ภาคตะวันออกเฉียงเหนือ,นครราชสีมา,NR1,นครราชสีมา 4,Solar Farm,Solar,0.0027,,
ภาคตะวันออกเฉียงเหนือ,นครราชสีมา,NR2,โคกกรวด 2 (ชั่วคราว),Biogas,Biogas,7.88,,
ภาคตะวันออกเฉียงเหนือ,นครราชสีมา,NR2,นครราชสีมา 2,Solar Farm,Solar,3,,
ภาคตะวันออกเฉียงเหนือ,นครราชสีมา,NR2,นครราชสีมา 3,Biomass,Biomass,9,,
ภาคตะวันออกเฉียงเหนือ,นครราชสีมา,NR2,นครราชสีมา 4,Biogas,Biogas,7.138,,
ภาคตะวันออกเฉียงเหนือ,นครราชสีมา,NR2,นครราชสีมา 4,MSW,MSW,0.3,,
ภาคตะวันออกเฉียงเหนือ,นครราชสีมา,NR2,นครราชสีมา 5,Biogas,Biogas,2.152,,
ภาคตะวันออกเฉียงเหนือ,นครราชสีมา,NR2,หัวทะเล,Biogas,Biogas,12.2,,
ภาคตะวันออกเฉียงเหนือ,นครราชสีมา,NR3,ครบุรี,Biogas,Biogas,9.904,,
ภาคตะวันออกเฉียงเหนือ,นครราชสีมา,NR3,ครบุรี,Biomass,Biomass,8,,
ภาคตะวันออกเฉียงเหนือ,นครราชสีมา,NR3,โชคชัย,Biomass,Biomass,8,,
ภาคตะวันออกเฉียงเหนือ,นครราชสีมา,NR3,โชคชัย,Solar Farm,Solar,13.88,,
ภาคตะวันออกเฉียงเหนือ,นครราชสีมา,NR3,ปักธงชัย (ชั่วคราว),Biogas,Biogas,0.5,,
ภาคตะวันออกเฉียงเหนือ,นครราชสีมา,NR3,ปักธงชัย (ชั่วคราว),Biomass,Biomass,8,,
ภาคตะวันออกเฉียงเหนือ,นครราชสีมา,NR3,หนองกี่,Biogas,Biogas,7.75,,
ภาคตะวันออกเฉียงเหนือ,นครราชสีมา,NR3,หนองกี่,Solar ราชการ/สหกรณ์การเกษตร 2,Solar,5,,
ภาคตะวันออกเฉียงเหนือ,นครราชสีมา,PO,บัวใหญ่,Solar ราชการ/สหกรณ์การเกษตร 2,Solar,1,,
ภาคตะวันออกเฉียงเหนือ,นครราชสีมา,SKI,สีคิ้ว,Biogas,Biogas,1.949,,
ภาคตะวันออกเฉียงเหนือ,นครราชสีมา,SKI,สีคิ้ว,Biomass,Biomass,8,,
ภาคตะวันออกเฉียงเหนือ,นครราชสีมา,SKI,สีคิ้ว,Solar Farm,Solar,5.88,,
ภาคตะวันออกเฉียงเหนือ,นครราชสีมา,SR2,ปากช่อง 3,Solar Farm,Solar,0.01,,
ภาคตะวันออกเฉียงเหนือ,บึงกาฬ,BKN,เซกา,Solar Farm,Solar,6.878,,
ภาคตะวันออกเฉียงเหนือ,บึงกาฬ,BKN,โซ่พิสัย,Solar Farm,Solar,0.998,,
ภาคตะวันออกเฉียงเหนือ,บึงกาฬ,BKN,บึงกาฬ,Solar Farm,Solar,0.998,,
ภาคตะวันออกเฉียงเหนือ,บุรีรัมย์,BR,บุรีรัมย์,Biomass,Biomass,16,,
ภาคตะวันออกเฉียงเหนือ,บุรีรัมย์,BR,บุรีรัมย์,Solar Farm,Solar,8,,
ภาคตะวันออกเฉียงเหนือ,บุรีรัมย์,BR,ห้วยแถลง,Solar ราชการ/สหกรณ์การเกษตร 2,Solar,4,,
ภาคตะวันออกเฉียงเหนือ,บุรีรัมย์,CYP,ชุมพวง,Biomass,Biomass,8,,
ภาคตะวันออกเฉียงเหนือ,บุรีรัมย์,CYP,พยัคฆภูมิพิสัย,Biogas,Biogas,0.9,,
ภาคตะวันออกเฉียงเหนือ,บุรีรัมย์,KNG,ห้วยแถลง,Biogas,Biogas,6,,
ภาคตะวันออกเฉียงเหนือ,บุรีรัมย์,NR3,หนองกี่,Biomass,Biomass,8,,
ภาคตะวันออกเฉียงเหนือ,บุรีรัมย์,NR3,หนองกี่,Solar Farm,Solar,19.76,,
ภาคตะวันออกเฉียงเหนือ,บุรีรัมย์,PKC,นางรอง,Biomass,Biomass,8,,
ภาคตะวันออกเฉียงเหนือ,บุรีรัมย์,PKC,นางรอง,Solar ราชการ/สหกรณ์การเกษตร 2,Solar,5,,
ภาคตะวันออกเฉียงเหนือ,บุรีรัมย์,PKC,ประโคนชัย,Biomass,Biomass,8,,
ภาคตะวันออกเฉียงเหนือ,บุรีรัมย์,PKC,ประโคนชัย,Solar Farm,Solar,13.88,,
ภาคตะวันออกเฉียงเหนือ,บุรีรัมย์,PYK,พยัคฆภูมิพิสัย,Biogas,Biogas,0.95,,
ภาคตะวันออกเฉียงเหนือ,มหาสารคาม,PYK,พยัคฆภูมิพิสัย,Solar Farm,Solar,0.952,KK2,
ภาคตะวันออกเฉียงเหนือ,มหาสารคาม,MK,มหาสารคาม,Biomass,Biomass,6,,
ภาคตะวันออกเฉียงเหนือ,มหาสารคาม,PYK,พยัคฆภูมิพิสัย,Solar Farm,Solar,1.904,,
ภาคตะวันออกเฉียงเหนือ,มุกดาหาร,MD2,มุกดาหาร 2,Biogas,Biogas,2.063,,
ภาคตะวันออกเฉียงเหนือ,มุกดาหาร,MD2,มุกดาหาร 2,Biomass,Biomass,16,,
ภาคตะวันออกเฉียงเหนือ,มุกดาหาร,MD1,ปากช่อง 1,Wind,Wind,16,PCH,
ภาคตะวันออกเฉียงเหนือ,ร้อยเอ็ด,PO,ร้อยเอ็ด 1,Biomass,Biomass,0.35,,
ภาคตะวันออกเฉียงเหนือ,ร้อยเอ็ด,POT,โพนทอง,Biogas,Biogas,3.979,,
ภาคตะวันออกเฉียงเหนือ,ร้อยเอ็ด,POT,โพนทอง,Biomass,Biomass,8,,
ภาคตะวันออกเฉียงเหนือ,ร้อยเอ็ด,PYK,เกษตรวิสัย,Biomass,Biomass,16,,
ภาคตะวันออกเฉียงเหนือ,ร้อยเอ็ด,PYK,เกษตรวิสัย,Solar Farm,Solar,8,,
ภาคตะวันออกเฉียงเหนือ,ร้อยเอ็ด,RE1,ร้อยเอ็ด 1,Biomass,Biomass,13,,
ภาคตะวันออกเฉียงเหนือ,เลย,HUA HIN (115 kV),เลย,Solar Farm,Solar,5.88,,
ภาคตะวันออกเฉียงเหนือ,เลย,LE,เชียงคาน,Biogas,Biogas,1,,
ภาคตะวันออกเฉียงเหนือ,เลย,LE,เลย,Biomass,Biomass,2.12,,
ภาคตะวันออกเฉียงเหนือ,เลย,LE,เลย,Solar Farm,Solar,5.88,,
ภาคตะวันออกเฉียงเหนือ,ศรีสะเกษ,KTL,กันทรลักษ์,Biogas,Biogas,3.95,,
ภาคตะวันออกเฉียงเหนือ,ศรีสะเกษ,KTL,กันทรลักษ์,Biomass,Biomass,8,,
ภาคตะวันออกเฉียงเหนือ,ศรีสะเกษ,KTL,กันทรลักษ์,Solar Farm,Solar,8,,
ภาคตะวันออกเฉียงเหนือ,ศรีสะเกษ,SS,ศรีสะเกษ,Solar Farm,Solar,2.99,,
ภาคตะวันออกเฉียงเหนือ,ศรีสะเกษ,UB2,เดชอุดม,Solar Farm,Solar,6,,
ภาคตะวันออกเฉียงเหนือ,สกลนคร,BDG,เซกา,Solar Farm,Solar,0.998,,
ภาคตะวันออกเฉียงเหนือ,สกลนคร,BDG,วานรนิวาส,Solar Farm,Solar,0.998,,
ภาคตะวันออกเฉียงเหนือ,สกลนคร,PHK,ธาตุพนม,Biomass,Biomass,0.99,,
ภาคตะวันออกเฉียงเหนือ,สกลนคร,PHK,พังโคน,MSW,MSW,0.7,,
ภาคตะวันออกเฉียงเหนือ,สกลนคร,PHK,พังโคน,Solar Farm,Solar,11.76,,
ภาคตะวันออกเฉียงเหนือ,สกลนคร,SO1,สกลนคร,Biomass,Biomass,0.99,,
ภาคตะวันออกเฉียงเหนือ,สุรินทร์,PYK,ท่าตูม,Solar Farm,Solar,5.88,,
ภาคตะวันออกเฉียงเหนือ,สุรินทร์,SKA,สังขะ,Solar Farm,Solar,5.88,,
ภาคตะวันออกเฉียงเหนือ,สุรินทร์,SKA,สุรินทร์ 2,Solar Farm,Solar,3,,
ภาคตะวันออกเฉียงเหนือ,สุรินทร์,SU2,ปราสาท,Biomass,Biomass,24,,
ภาคตะวันออกเฉียงเหนือ,สุรินทร์,SU2,สำโรงทาบ,Solar Farm,Solar,5.88,,
ภาคตะวันออกเฉียงเหนือ,หนองคาย,NK,ศรีเชียงใหม่,Biomass,Biomass,8,,
ภาคตะวันออกเฉียงเหนือ,หนองคาย,NK,หนองคาย 1,MSW,MSW,6,,
ภาคตะวันออกเฉียงเหนือ,หนองคาย,NK,หนองคาย 1,Solar Farm,Solar,2.996,,
ภาคตะวันออกเฉียงเหนือ,หนองคาย,NK,หนองคาย 2,Solar Farm,Solar,1.996,,
ภาคตะวันออกเฉียงเหนือ,หนองคาย,NK,บ้านผือ,Solar Farm,Solar,0.999,UD1,
ภาคตะวันออกเฉียงเหนือ,หนองบัวลำภู,CPA,CPA,Biomass,Biomass,6,,
ภาคตะวันออกเฉียงเหนือ,หนองบัวลำภู,NBL,หนองบัวลำภู,Biomass,Biomass,32,,
ภาคตะวันออกเฉียงเหนือ,หนองบัวลำภู,UR,น้ำพอง,Solar ราชการ/สหกรณ์การเกษตร 2,Solar,4,,
ภาคตะวันออกเฉียงเหนือ,อำนาจเจริญ,AN,อำนาจเจริญ,Biogas,Biogas,0.97,UB3,AN/22
ภาคตะวันออกเฉียงเหนือ,อุดรธานี,BDG,บ้านดุง 2,Biomass,Biomass,6,,
ภาคตะวันออกเฉียงเหนือ,อุดรธานี,NH,ศรีธาตุ,Solar ราชการ/สหกรณ์การเกษตร 2,Solar,5,,
ภาคตะวันออกเฉียงเหนือ,อุดรธานี,NH,หนองหาน,Biomass,Biomass,8.99,,
ภาคตะวันออกเฉียงเหนือ,อุดรธานี,NK,โพนพิสัย,Solar Farm,Solar,1.996,,
ภาคตะวันออกเฉียงเหนือ,อุดรธานี,PO,โพนพิสัย,Solar Farm,Solar,0.998,,
ภาคตะวันออกเฉียงเหนือ,อุดรธานี,UD1,กุมภวาปี,Solar Farm,Solar,0.998,,
ภาคตะวันออกเฉียงเหนือ,อุดรธานี,UD1,บ้านผือ,Biomass,Biomass,8,,
ภาคตะวันออกเฉียงเหนือ,อุดรธานี,UD1,บ้านผือ,Solar Farm,Solar,5.88,,
ภาคตะวันออกเฉียงเหนือ,อุดรธานี,UD1,อุดรธานี 1,Solar Farm,Solar,4.734,,
ภาคตะวันออกเฉียงเหนือ,อุดรธานี,UD1,อุดรธานี 2,Solar Farm,Solar,0.14904,,
ภาคตะวันออกเฉียงเหนือ,อุดรธานี,UD2,กุมภวาปี,Biomass,Biomass,5,,
ภาคตะวันออกเฉียงเหนือ,อุดรธานี,UD2,โนนสูง,Biogas,Biogas,0.9,,
ภาคตะวันออกเฉียงเหนือ,อุดรธานี,UD2,โนนสูง,Solar Farm,Solar,0.998,,
ภาคตะวันออกเฉียงเหนือ,อุดรธานี,UD2,อุดรธานี 2,Biomass,Biomass,8,,
ภาคตะวันออกเฉียงเหนือ,อุดรธานี,UD3,โนนสูง,Biomass,Biomass,0.99,,
ภาคตะวันออกเฉียงเหนือ,อุบลราชธานี,SRD,สิรินธร,Biogas,Biogas,0.9,,
ภาคตะวันออกเฉียงเหนือ,อุบลราชธานี,SRD,สิรินธร,Biomass,Biomass,8,,
ภาคตะวันออกเฉียงเหนือ,อุบลราชธานี,SRD,สิรินธร,Solar Farm,Solar,7,,
ภาคตะวันออกเฉียงเหนือ,อุบลราชธานี,UB1,อุบลราชธานี 1,Solar Farm,Solar,0.98,,
ภาคตะวันออกเฉียงเหนือ,อุบลราชธานี,UB2,เดชอุดม,Solar Farm,Solar,10,,
ภาคตะวันออกเฉียงเหนือ,อุบลราชธานี,UB2,วารินชำราบ,Biogas,Biogas,1.87,,
ภาคตะวันออกเฉียงเหนือ,อุบลราชธานี,UB2,วารินชำราบ,Biomass,Biomass,7.5,,
ภาคตะวันออกเฉียงเหนือ,อุบลราชธานี,UB2,อุบลราชธานี 2,Biogas,Biogas,2.758,,
ภาคตะวันออกเฉียงเหนือ,อุบลราชธานี,UB2,อุบลราชธานี 2,Biomass,Biomass,7.5,,
ภาคตะวันออกเฉียงเหนือ,อุบลราชธานี,UB2,อุบลราชธานี 2,Solar Farm,Solar,6,,
ภาคใต้,กระบี่,KA,กระบี่ 1,Biogas,,9.993,,
ภาคใต้,กระบี่,KA,กระบี่ 1,Biomass,,9.5,,
ภาคใต้,กระบี่,KA,กระบี่ 2,MSW,,4.4,,
ภาคใต้,กระบี่,KA,กระบี่ 2,Solar Farm,,0.1346,,
ภาคใต้,กระบี่,KA,คลองท่อม,Biogas,,5.356,,
ภาคใต้,กระบี่,KA,คลองท่อม,Solar ราชการ/สหกรณ์การเกษตร 2,,9.64,,
ภาคใต้,กระบี่,PN1,อ่าวลึก,Biogas,,10.612,,
ภาคใต้,กระบี่,TS,ทุ่งสง,Biomass,,8,,
ภาคใต้,กระบี่,TS,ทุ่งใหญ่,Biogas,,0.99,,
ภาคใต้,กระบี่,YL,คลองท่อม,Solar ราชการ/สหกรณ์การเกษตร 2,,5,,
ภาคใต้,ชุมพร,CP,ชุมพร 1,Biogas,,6.7,,
ภาคใต้,ชุมพร,CP,ชุมพร 1,Biomass,,8,,
ภาคใต้,ชุมพร,CP,ท่าแซะ,Biogas,,10.72,,
ภาคใต้,ชุมพร,CP,ท่าแซะ,Biomass,,8,,
ภาคใต้,ชุมพร,DBN,หลังสวน,Biogas,,4,,
ภาคใต้,ชุมพร,LSN,หลังสวน,Biogas,,4.7,,
ภาคใต้,ชุมพร,RN,ระนอง1,Solar ราชการ/สหกรณ์การเกษตร 2,,5,,
ภาคใต้,ตรัง,LR,ตรัง,Biogas,,2,,
ภาคใต้,ตรัง,LR,ย่านตาขาว,Biomass,,5.228,,
ภาคใต้,ตรัง,LR,ย่านตาขาว,Solar Farm,,0.01,,
ภาคใต้,ตรัง,LR,ลำภูรา,Biogas,,3.972,,
ภาคใต้,ตรัง,LR,ลำภูรา,Biomass,,6.5,,
ภาคใต้,ตรัง,LR,ลำภูรา,Solar ราชการ/สหกรณ์การเกษตร 2,,5,,
ภาคใต้,ตรัง,LSN,ตรัง,Solar Farm,,0.21483,,
ภาคใต้,นครศรีธรรมราช,BDN,เวียงสระ,Solar ราชการ/สหกรณ์การเกษตร 2,,1.2,,
ภาคใต้,นครศรีธรรมราช,CYI,ปากพนัง,Biogas,,2,,
ภาคใต้,นครศรีธรรมราช,KN,ขนอม,Biomass,,6.9,,
ภาคใต้,นครศรีธรรมราช,NT,นครศรีธรรมราช 1,Biogas,,0.99,,
ภาคใต้,นครศรีธรรมราช,NT,นครศรีธรรมราช 1,Biomass,,2.25,,
ภาคใต้,นครศรีธรรมราช,NT,ปากพนัง,Biomass,,5,,
ภาคใต้,นครศรีธรรมราช,NT,ปากพนัง,Wind,,18.965,,
ภาคใต้,นครศรีธรรมราช,TS,ทุ่งสง,MSW,,0.3,,
ภาคใต้,นครศรีธรรมราช,TS,ทุ่งใหญ่,Biogas,,0.8,,
ภาคใต้,นครศรีธรรมราช,TS,ทุ่งใหญ่,Biomass,,27.2,,
ภาคใต้,นครศรีธรรมราช,TS,เวียงสระ,Biomass,,8.8,,
ภาคใต้,นครศรีธรรมราช,YL,ระโนด,Biogas,,3,,
ภาคใต้,นครศรีธรรมราช,YL,ระโนด,Biomass,,2.85,,
ภาคใต้,นราธิวาส,NW,นราธิวาส,Biogas,,2,,
ภาคใต้,นราธิวาส,NW,นราธิวาส,Biomass,,6.3,,
ภาคใต้,นราธิวาส,SUK,สุไหงโกลก,Biogas,,3,,
ภาคใต้,นราธิวาส,SUK,สุไหงโกลก,Biomass,,7,,
ภาคใต้,ปัตตานี,MD,สะบ้าย้อย,Biomass,,2.85,,
ภาคใต้,ปัตตานี,PTN,ปัตตานี 1,Biogas,,7.8,,
ภาคใต้,พังงา,PN2,,Solar Farm,,0.14167,,
ภาคใต้,พังงา,TP,คุระบุรี,Biogas,,2.8,,
ภาคใต้,พัทลุง,HY2,รัตภูมิ,Biomass,,9.2,,
ภาคใต้,ภูเก็ต,CM1,ภูเก็ต 1,Solar Farm,,0.30597,,
ภาคใต้,ภูเก็ต,PK2,ภูเก็ต 1,MSW,,6.5,,
ภาคใต้,ภูเก็ต,PK2,ภูเก็ต 2,MSW,,6.5,,
ภาคใต้,ยะลา,BLG,,Biomass,,2.85,,
ภาคใต้,ยะลา,BLG,ยุพราชันย์,Biomass,,12,,
ภาคใต้,ยะลา,YL,ยะลา 1,Biomass,,18.4,,
ภาคใต้,ยะลา,YL,ยะลา 1,Solar Farm,,0.15934,,
ภาคใต้,ยะลา,YL1,ยะลา 1,Biomass,,8.7,,
ภาคใต้,ยะลา,YL2,สะบ้าย้อย,Biogas,,1.5,,
ภาคใต้,ยะลา,YL2,สะบ้าย้อย,Biomass,,8.5,,
ภาคใต้,ระนอง,CP,ชุมพร 1,Biogas,,0.7,,
ภาคใต้,ระนอง,RN,ระนอง1,Biogas,,0.98,,
ภาคใต้,สงขลา,CHA,จะนะ,Biomass,,8.5,,
ภาคใต้,สงขลา,HY1,หาดใหญ่ 1,MSW,,6.5,,
ภาคใต้,สงขลา,HY2,จะนะ,Biomass,,18.2,,
ภาคใต้,สงขลา,HY2,หาดใหญ่ 3,Biomass,,8,,
ภาคใต้,สงขลา,RA,ระโนด,Solar ราชการ/สหกรณ์การเกษตร 2,,5,,
ภาคใต้,สงขลา,SKL,,Solar Farm,,0.20336,,
ภาคใต้,สงขลา,YL,สะบ้าย้อย,Biomass,,9.25,,
ภาคใต้,สงขลา,YL1,สะบ้าย้อย,Biomass,,9,,
ภาคใต้,สตูล,STU,ละงู,Biogas,,0.95,,
ภาคใต้,สตูล,STU,สตูล,Biomass,,9.2,,
ภาคใต้,สตูล,TH,สตูล,Solar Farm,,0.11191,,
ภาคใต้,สุราษฎร์ธานี,KN,กาญจนดิษฐ์,Biogas,,12.79,,
ภาคใต้,สุราษฎร์ธานี,KN,กาญจนดิษฐ์,Biomass,,5,,
ภาคใต้,สุราษฎร์ธานี,PP,ไชยา,Biogas,,6.6,,
ภาคใต้,สุราษฎร์ธานี,PP,ไชยา,Biomass,,3.4,,
ภาคใต้,สุราษฎร์ธานี,PP,พุนพิน 1,Biogas,,8,,
ภาคใต้,สุราษฎร์ธานี,RPB,เชี่ยวหลาน,Biogas,,5.7,,
ภาคใต้,สุราษฎร์ธานี,RPB,เวียงสระ,Biogas,,1.2,,
ภาคใต้,สุราษฎร์ธานี,SRT,ไชยา,Biogas,,15.8,,
ภาคใต้,สุราษฎร์ธานี,SRT,ไชยา,Biomass,,7.2,,
ภาคใต้,สุราษฎร์ธานี,SRT,พุนพิน 2,Biogas,,2.8,,
ภาคใต้,สุราษฎร์ธานี,SRT,พุนพิน 2,Biomass,,9.7,,
ภาคใต้,สุราษฎร์ธานี,SRT,พุนพิน 2,Solar ราชการ/สหกรณ์การเกษตร 2,,5,,
ภาคใต้,สุราษฎร์ธานี,SRT,พุนพิน2,Biogas,,1.5,,
ภาคใต้,สุราษฎร์ธานี,SRT,เวียงสระ,Biogas,,11.1,,
ภาคใต้,สุราษฎร์ธานี,SRT,เวียงสระ,Biomass,,10.6,,
ภาคใต้,สุราษฎร์ธานี,SRT,อ่าวลึก,Biogas,,4,,
ภาคใต้,สุราษฎร์ธานี,ST,พุนพิน 2,Solar ราชการ/สหกรณ์การเกษตร 2,,5,,
ภาคเหนือ,กำแพงเพชร,KP,กำแพงเพชร 1,Biomass,,8,,
ภาคเหนือ,กำแพงเพชร,KP,กำแพงเพชร 1,MSW,,0.2,,
ภาคเหนือ,กำแพงเพชร,KP,กำแพงเพชร 1,Solar Farm,,16,,
ภาคเหนือ,กำแพงเพชร,KP,กำแพงเพชร 1,Solar ราชการ/สหกรณ์การเกษตร 2,,5,,
ภาคเหนือ,กำแพงเพชร,KP,กำแพงเพชร 2,Biomass,,21,,
ภาคเหนือ,กำแพงเพชร,KP,คลองขลุง,Biogas,,6,,
ภาคเหนือ,กำแพงเพชร,KP,พรานกระต่าย,Biogas,,0.932,,
ภาคเหนือ,กำแพงเพชร,KP,พรานกระต่าย,Biomass,,8,,
ภาคเหนือ,กำแพงเพชร,KP,พรานกระต่าย,Solar Farm,,16,,
ภาคเหนือ,กำแพงเพชร,SLB,คลองขลุง,Biogas,,1.87,,
ภาคเหนือ,กำแพงเพชร,SLB,คลองขลุง,Biomass,,26.6,,
ภาคเหนือ,กำแพงเพชร,SLB,สถานีไฟฟ้าสลกบาตร – สถานีไฟฟ้าคลองขลุง,Biomass,,9.5,,
ภาคเหนือ,กำแพงเพชร,SLB,สลกบาตร,Biogas,,9,,
ภาคเหนือ,กำแพงเพชร,SLB,สลกบาตร,Biomass,,8,,
ภาคเหนือ,ชัยนาท,DBN,หันคา,Biogas,,0.99,,
ภาคเหนือ,ชัยนาท,DBN,หันคา,Biomass,,0.85,,
ภาคเหนือ,ชัยนาท,MR,ชัยนาท,Biomass,,3,,
ภาคเหนือ,ชัยนาท,MR,ชัยนาท,Solar Farm,,6.5,,
ภาคเหนือ,ชัยนาท,MR,มโนรมย์,Biomass,,1.79,,
ภาคเหนือ,เชียงราย,MCN,แม่จัน,Solar Farm,,8,,
ภาคเหนือ,เชียงราย,THG,,Biogas,,24,,
ภาคเหนือ,เชียงราย,THG,เชียงของ,Biomass,,0.135,,
ภาคเหนือ,เชียงใหม่,CM3,เชียงใหม่ 3,Biogas,,1,,
ภาคเหนือ,เชียงใหม่,CTG,ฮอด,MSW,,2,,
ภาคเหนือ,เชียงใหม่,CTG,ฮอด,Solar ราชการ/สหกรณ์การเกษตร 1,,5,,
ภาคเหนือ,เชียงใหม่,LN2,ดอยสะเก็ด,Hydro (เล็ก),,0.03,,
ภาคเหนือ,เชียงใหม่,MTG,แม่แตง,Biogas,,1,,
ภาคเหนือ,เชียงใหม่,MTG,แม่แตง,Hydro (เล็ก),,0.035,,
ภาคเหนือ,เชียงใหม่,MTG,แม่แตง,Solar Farm,,1.92,,
ภาคเหนือ,ตาก,BB,เขื่อนภูมิพล,Solar Farm,,8,,
ภาคเหนือ,ตาก,BB,ตาก,Solar Farm,,8,,
ภาคเหนือ,ตาก,MAE SOT (22 kV),แม่สอด,Solar Farm,,5.95,,
ภาคเหนือ,ตาก,MS,แม่สอด,Biogas,,0.95,,
ภาคเหนือ,ตาก,MS,แม่สอด,Biomass,,8,,
ภาคเหนือ,ตาก,MS,แม่สอด,MSW,,1.25,,
ภาคเหนือ,ตาก,MS,แม่สอด,Solar Farm,,5.25,,
ภาคเหนือ,นครสวรรค์,NS,ท่าตะโก,Solar Farm,,8,,
ภาคเหนือ,นครสวรรค์,NS,นครสวรรค์ 1,Biomass,,2.5,,
ภาคเหนือ,นครสวรรค์,NS,ลาดยาว,Biomass,,8,,
ภาคเหนือ,นครสวรรค์,NS,ลาดยาว,Solar Farm,,7.03,,
ภาคเหนือ,นครสวรรค์,SLB,ลาดยาว,Solar Farm,,8,,
ภาคเหนือ,นครสวรรค์,SLB,สลกบาตร,Solar Farm,,6.5,,
ภาคเหนือ,นครสวรรค์,TK2,ตาคลี 2,Biomass,,11,,
ภาคเหนือ,นครสวรรค์,TK2,ตาคลี 2,Solar Farm,,1.1,,
ภาคเหนือ,นครสวรรค์,TTK,ท่าตะโก,Biogas,,0.85,,
ภาคเหนือ,นครสวรรค์,TTK,หนองบัว,Biomass,,1.8,,
ภาคเหนือ,นครสวรรค์,TTK,หนองบัว,MSW,,9,,
ภาคเหนือ,พะเยา,PY,,Biomass,,1.75,,
ภาคเหนือ,พะเยา,PY,พะเยา,Solar ราชการ/สหกรณ์การเกษตร 2,,5,,
ภาคเหนือ,พิจิตร,AKR,ตะพานหิน,Solar Farm,,33.8,,
ภาคเหนือ,พิจิตร,BMN,โพธิ์ไทรงาม (ชั่วคราว),Biomass,,8,,
ภาคเหนือ,พิจิตร,PC,พิจิตร,Biomass,,6,,
ภาคเหนือ,พิจิตร,PC,พิจิตร,MSW,,0.2,,
ภาคเหนือ,พิจิตร,PC,พิจิตร,Solar Farm,,5.95,,
ภาคเหนือ,พิจิตร,PC,วชิรบารมี(ชั่วคราว),IND,,4.88,,
ภาคเหนือ,พิจิตร,PHICHIT (22 kV),พิจิตร,Solar Farm,,6,,
ภาคเหนือ,พิจิตร,PL2,วชิรบารมี(ชั่วคราว),Solar Farm,,4.5,,
ภาคเหนือ,พิจิตร,PL4,พิษณุโลก4-วชิรบารมี/ระบบ 115 kV,MSW,,9,,
ภาคเหนือ,พิษณุโลก,PC,พิจิตร,Biomass,,8,,
ภาคเหนือ,พิษณุโลก,PL2,พรหมพิราม,Biomass,,4.5,,
ภาคเหนือ,เพชรบูรณ์,BGS,บึงสามพัน,Solar Farm,,9.5,,
ภาคเหนือ,เพชรบูรณ์,BGS,วิเชียรบุรี,Biomass,,8,,
ภาคเหนือ,เพชรบูรณ์,BGS,วิเชียรบุรี,Solar Farm,,8,,
ภาคเหนือ,เพชรบูรณ์,BGS,วิเชียรบุรี,Solar ราชการ/สหกรณ์การเกษตร 2,,1.75,,
ภาคเหนือ,เพชรบูรณ์,CBD,วิเชียรบุรี,Biomass,,8,,
ภาคเหนือ,เพชรบูรณ์,PE,ชนแดน,Solar Farm,,7.4,,
ภาคเหนือ,เพชรบูรณ์,PE,ชนแดน,Solar ราชการ/สหกรณ์การเกษตร 2,,2.25,,
ภาคเหนือ,เพชรบูรณ์,PE,เพชรบูรณ์,Solar Farm,,8.02,,
ภาคเหนือ,แพร่,PR,เด่นชัย,Biomass,,8.92,,
ภาคเหนือ,แพร่,PR,แพร่,Solar ราชการ/สหกรณ์การเกษตร 2,,5,,
ภาคเหนือ,แพร่,PR,ร้องกวาง,Biomass,,8,,
ภาคเหนือ,แพร่,PR,ร้องกวาง,Solar Farm,,8,,
ภาคเหนือ,แม่ฮ่องสอน,CTG,ฮอด,Solar Farm,,3.84,,
ภาคเหนือ,ลำปาง,HC,แจ้ห่ม,Solar Farm,,7,,
ภาคเหนือ,ลำปาง,LP1,ลำปาง 1,Biomass,,6,,
ภาคเหนือ,ลำปาง,LP1,ลำปาง 1,Solar Farm,,1,,
ภาคเหนือ,ลำปาง,LP1,ห้างฉัตร,Solar Farm,,0.96,,
ภาคเหนือ,ลำปาง,TE,เถิน,Biomass,,8,,
ภาคเหนือ,ลำปาง,TE,เถิน,Solar Farm,,1,,
ภาคเหนือ,ลำพูน,CTG,บ้านโฮ่ง,Solar Farm,,8,,
ภาคเหนือ,ลำพูน,CTG,ลี้,Solar Farm,,0.0027,,
ภาคเหนือ,ลำพูน,LN2,ลำพูน 3,Biomass,,8,,
ภาคเหนือ,ลำพูน,LN2,ลำพูน 3,Solar Farm,,1.92,,
ภาคเหนือ,สุโขทัย,PL2,พิษณุโลก 2,RE - Others,,0.9,,
ภาคเหนือ,สุโขทัย,SL,ศรีสัชนาลัย,Solar Farm,,8,,
ภาคเหนือ,สุโขทัย,ST,สุโขทัย,RE - Others,,3.6,,
ภาคเหนือ,สุโขทัย,UT,ศรีสัชนาลัย,Biomass,,8,,
ภาคเหนือ,อุตรดิตถ์,PL2,พิชัย,Biomass,,12.5,,
ภาคเหนือ,อุตรดิตถ์,SK,สิริกิติ์,Biomass,,0.26,,
ภาคเหนือ,อุตรดิตถ์,UT,อุตรดิตถ์,Biomass,,3,,
ภาคเหนือ,อุทัยธานี,AT2,ด่านช้าง,Biomass,,8,,
ภาคเหนือ,อุทัยธานี,MR,หนองฉาง,Biogas,,4,,
ภาคเหนือ,อุทัยธานี,MR,หนองฉาง,Biomass,,15,,
ภาคเหนือ,อุทัยธานี,NS,อุทัยธานี,Biomass,,8,,
